{
  "version": 1,
  "author": "Дар'я Білоус'",
  "editor": "wokwi",
  "parts": [
    { "type": "board-esp32-devkit-c-v4", "id": "esp", "top": 0, "left": 0, "attrs": {} },
    {
      "type": "wokwi-pushbutton",
      "id": "btn1",
      "top": 92.6,
      "left": -172.8,
      "attrs": { "color": "green" }
    },
    { "type": "wokwi-dht22", "id": "dht2", "top": -162.9, "left": 157.8, "attrs": {} },
    { "type": "chip-pulsechip", "id": "chip1", "top": 231.42, "left": 158.4, "attrs": {} }
  ],
  "connections": [
    [ "esp:TX", "$serialMonitor:RX", "", [] ],
    [ "esp:RX", "$serialMonitor:TX", "", [] ],
    [ "btn1:2.r", "esp:GND.1", "green", [ "h67.4", "v29" ] ],
    [ "btn1:1.r", "esp:12", "green", [ "v0" ] ],
    [ "dht2:VCC", "esp:3V3", "red", [ "v9.6", "h-168.19" ] ],
    [ "dht2:SDA", "esp:15", "green", [ "v0" ] ],
    [ "dht2:GND", "esp:GND.2", "black", [ "v0" ] ],
    [ "chip1:GND", "esp:GND.3", "black", [ "v-76.8", "h-43.24" ] ],
    [ "chip1:VCC", "esp:3V3", "red", [ "h0" ] ],
    [ "chip1:OUT0", "esp:35", "green", [ "h0" ] ]
  ],
  "dependencies": {}
}